country_iso3,area,jurisdiction,missing_fact,reason,attempted_sources,recommended_next_step
USA,graduation_framework,50 remaining state/DC jurisdictions,Standard public high-school diploma frameworks or official local-control results for all U.S. jurisdictions except Georgia,Jurisdiction identity and authority are verified but detailed framework sources have not yet been processed; public official sources likely exist for most states,"State education authority sites now recorded in jurisdictions.csv; existing Georgia GaDOE rule processed",Research each state/DC from direct official graduation-requirement statutes rules guidance and assessment manuals; record local-control result when no statewide credit total exists
USA,curriculum,50 remaining state/DC jurisdictions,Official state course catalogs course-code systems subject taxonomies and local availability boundaries,Jurisdiction identity and authority are verified but statewide course catalog existence and scope have not yet been processed,"State education authority sites now recorded in jurisdictions.csv",Research official course-code catalogs standards and catalog-scope rules; distinguish state-recognized courses from district or school offerings
USA,graduation_framework,50 remaining state/DC jurisdictions,Cohort-specific effective years diploma pathways assessments and non-course completion requirements,State-specific cohort transition and pathway rules have not yet been processed into structured framework requirement rows,"State education authority sites now recorded in jurisdictions.csv",For each state/DC capture applicable cohort graduation year school sector diploma type assessments civics financial literacy CPR FAFSA service portfolio and substitution rules from direct official sources
DEU,graduation_framework,16 Lander,Individual Land Abitur and leaving certificate requirements,KMK framework only; no individual Land curricula accessed,"KMK member list, individual Land ministry sites",Access each Land Ministry of Education curriculum
DEU,curriculum,16 Lander,Land-specific course catalogs and syllabi,German-language sources not accessed,KMK agreements,Research individual Land curricula in German
IND,curriculum,22+ state boards,"Remaining state board syllabi beyond Maharashtra, Tamil Nadu, UP",No individual state board sources accessed,State board websites,Access remaining state board syllabus documents
IND,curriculum,National,CBSE detailed vocational/skill subject list (50+ subjects),CBSE vocational detailed catalog not accessed,cbseacademic.nic.in,Access CBSE skill education catalog
CHN,examinations,Provinces and municipalities,Province-specific Zhongkao policies and examination subjects,Zhongkao administration and subject rules are not nationally uniform; this pass intentionally added no provincial rows,"MOE national curriculum programme only",Research current examination-admissions rules from each provincial education department and examination authority by cohort
CHN,examinations,Provinces and municipalities,"Province-specific Gaokao models, subject combinations, scoring, and reform cohorts",The national senior-high curriculum does not establish one provincial admissions model and Gaokao is not a graduation requirement,"MOE General Senior High School Curriculum Programme (2017 Edition, 2020 Revision)",Research current provincial examination-authority rules and cohort transition notices separately
CHN,graduation_requirements,Provinces and municipalities,High-school academic proficiency examinations and their relationship to local graduation,The national curriculum programme distinguishes qualification and selection examinations but local implementation and certification require province-level evidence,"MOE General Senior High School Curriculum Programme, printed page 12",Research provincial academic-proficiency examination measures and graduation/certification rules
CHN,curriculum,"Beijing, Shanghai, Guangdong, Jiangsu, Zhejiang, Shandong, Sichuan, Henan, Hubei, and other major provinces",Provincial curriculum implementation differences and local course arrangements,The national programmes require or permit provincial implementation measures and do not prove identical local arrangements,"MOE compulsory and senior-high curriculum programmes",Create province-scoped research matrices from each education department before adding any jurisdiction rows
CHN,language_medium,Autonomous regions,Language-medium and curriculum implementation for minority-language education,The national common-language law contains exceptions and minority-language rights that cannot be represented by primary_languages=[Chinese],"中华人民共和国国家通用语言文字法 Articles 2, 8, and 10; national curriculum programme",Research autonomous-region laws and education-department implementation documents by region
CHN,scope,Hong Kong and Macao,Separate education systems outside the mainland-China record,Hong Kong and Macao have separate authorities and should not be folded into the mainland CHN curriculum rows,"Mainland PRC MOE documents only",Model Hong Kong and Macao separately only in a dedicated jurisdiction/system pass using their own official authorities
CHN,international_curricula,Mainland China,International curricula in Chinese schools,No direct regulator or programme-owner evidence was reviewed for school authorization and availability scope in this pass,"No international programme source retained",Research regulator approvals and official programme-owner school directories without inferring national availability from individual schools
CHN,vocational,National,Secondary vocational programme and specialty catalogs,The retained row covers only the public basic curriculum programme and not every professional specialty,"MOE 2019 Secondary Vocational School Public Basic Curriculum Programme; MOE 2025 vocational professional teaching standards index",Research current 2025 secondary-vocational professional teaching standards and specialty catalog at programme level
CHN,vocational,Human-resources system,Technical and skilled-worker school pathways under human-resources authorities,The MOE secondary-vocational public basic curriculum does not establish skilled-worker-school scope,"MOE 2019 public basic curriculum programme",Research Ministry of Human Resources and Social Security rules and catalogs separately; do not combine them with MOE secondary vocational schools
CHN,credentials,Provinces and local issuers,Exact credential names and local graduation certification,The previous country JSON asserted national certificate and diploma names without direct scope-matched issuing rules,"MOE national curriculum programmes",Research current provincial school-status and graduation-certificate rules before adding credentials
CHN,curriculum_courses,National,Current subject-specific compulsory-education standards not fully modeled,This pass retained only nine directly named subject/group rows and deliberately omitted outcomes and detailed standards,"MOE 2022 compulsory curriculum programme and attached subject-standard list",Inspect each official subject-standard PDF only when product requirements justify outcome-level modeling
CHN,curriculum_courses,National,Exact grade-by-grade placement and local scheduling for retained compulsory-education subjects,The official national table gives grade spans or grouped alternatives rather than proving every duplicated grade row in the prior seed,"MOE 2022 compulsory curriculum programme printed pages 6-9 Tables 1-2",Research provincial implementation measures or redesign schema to store grade spans before adding grade-specific rows
CHN,curriculum_courses,National,General senior-high course and module rows,No course rows were added because the national programme includes compulsory selective-compulsory and elective modules that the current row model could easily misstate,"MOE General Senior High School Curriculum Programme attached file 1 printed pages 4-7",Model modules and official credits only after a schema review; do not convert them to US-style credits
MEX,curriculum,31 states + Mexico City,Entity-specific curriculum adoption and contextual components,National instruments require or permit local coordination and contextualization but this pass did not inspect each entity's implementing instruments,"Ley General de Educación; SEP Plan de Estudio 2022; Acuerdo 21/08/25 MCCEMS",Research only current instruments issued by each state education secretariat and the Mexico City federal education authority
MEX,curriculum,Upper-secondary providers and cohorts,Provider-specific MCCEMS implementation and transition schedules,Acuerdo 21/08/25 starts phased implementation in 2025-2026 and preserves earlier plans for enrolled cohorts; one uniform provider-level schedule cannot be inferred,"Acuerdo 21/08/25 transitorios Tercero through Séptimo",Research current official implementation notices and control rules for each provider and student cohort
MEX,credentials,Upper-secondary providers,Exact certificate title and completion requirements by service,The LGE and MCCEMS establish broad certificate categories but exact completion requirements depend on the applicable plan program and control rules,"Ley General de Educación Articles 44-45 and 141; Acuerdo 21/08/25 Articles 66 and 70",Research direct current control rules and study plans for each modeled upper-secondary service before adding graduation frameworks
MEX,curriculum_courses,CONALEP careers and plantels,Career-specific maps modules and plantel availability,The national CONALEP program proves the program and nationwide system but not that every career or module is offered in every plantel,"Programa Institucional CONALEP 2025-2030; Oferta Educativa Nacional 2025-2026",Research current official career maps and plantel catalogs separately before adding course rows
PHL,country_profile,National,Schema-safe language classification,"primary_languages cannot distinguish national language, official languages, instructional media, regional auxiliary languages, and optional mother-tongue use",RA 12027 and DepEd Order 20 s. 2025,Add typed language-policy fields before repopulating the country profile
PHL,country_profile,National,Transition-aware grade structure,A single static JSON cannot accurately represent simultaneous Revised K to 10 and legacy/strengthened SHS cohorts,DepEd Orders and Memoranda 2024-2026,Design a cohort-and-school-year-aware structure before restoring the country summary
PHL,curriculum,National,Controlling nationwide JHS scope for SY 2026-2027,"Current official materials show Revised Grades 6, 9, and 10 rollout while earlier grades are already phased in, but this static row cannot encode the transition safely",DepEd Order 10 s. 2024 and 2026 DepEd rollout materials,Obtain and model the final central Phase 3 implementation issuance by grade and cohort
PHL,curriculum,National,Legacy JHS curriculum coverage during transition,The row cannot safely mix MATATAG/Revised K to 10 and legacy curriculum applicability,DepEd Revised K to 10 curriculum page,Model school-year and cohort applicability separately
PHL,curriculum,National,Strengthened SHS Grade 12 pilot cohort in SY 2026-2027,Only learners from the 2025-2026 pilot Grade 11 cohort enter the 2026-2027 Grade 12 pilot,DepEd Memorandum 36 s. 2026,Research the final pilot-school list and Grade 12 implementation rules
PHL,curriculum,National,Legacy Grade 12 SHS transition in SY 2026-2027,Non-pilot Grade 12 learners continue the existing SHS curriculum and cannot be represented by the two narrowed Grade 11 rows,DepEd Memorandum 12 s. 2026,Create a separately sourced cohort-specific legacy record only if the schema gains transition support
PHL,curriculum,National,Strengthened SHS Grade 12 nationwide implementation after SY 2026-2027,The current nationwide directive covers incoming Grade 11 only,DepEd Memoranda 12 and 36 s. 2026,Verify a future final nationwide Grade 12 issuance before adding scope
PHL,curriculum,National,Academic and TechPro elective offerings for SY 2026-2027,School offerings vary with capacity and only approved released guides may be offered,DepEd Strengthened SHS Program and curriculum guides,Model each approved elective only after guide-level review and school-availability scoping
PHL,curriculum,National,Sports and Arts and Design under the current SHS reform,Former standalone tracks are not safe to carry forward as universal current tracks,DepEd Memoranda 48 s. 2025 and 12 s. 2026,Research their current placement in Academic elective clusters and approved guides
PHL,curriculum,National,Public versus private implementation detail,The national Grade 11 directive covers both but operational and permit requirements differ,DepEd Memorandum 12 s. 2026 and Private Education Office issuances,Research direct public/private implementation and recognition rules
PHL,credentials,National,JHS completion and SHS graduation credentials,No current national issuance was verified for the exact legacy labels formerly stored,DepEd end-of-school-year and learner-record issuances,Verify exact credential names and issuance conditions before seeding
PHL,assessment,National,National Achievement Test relationship to completion,NAT administration must not be represented as a graduation requirement without a direct rule,DepEd assessment issuances,Research current grade coverage purpose and any completion consequence separately
PHL,alternative_pathways,National,PEPT and Alternative Learning System pathways,Placement and equivalency pathways differ from regular curriculum completion,DepEd PEPT and ALS official pages,Research current eligibility assessment certification and placement rules
PHL,inclusion,National,IPED madrasah special-needs and language-policy implementation,Programs and learner groups may have distinct curriculum or delivery rules,DepEd program issuances and DepEd Order 20 s. 2025,Research each pathway separately without universalizing regular-school rules
PHL,local_implementation,Regions and divisions,Regional division and school implementation variation,National curriculum availability does not prove uniform local elective delivery,DepEd regional and division issuances,Add local records only when directly required and officially sourced
PHL,tesda,National,TESDA qualification-by-qualification training regulations and assessment rules,The deleted generic program conflated training competency assessment certification and SHS delivery,TESDA training regulations and assessment/certification rules,Research each qualification and certificate level separately with current regulations
PHL,tesda,National,TechPro learner access to TESDA assessment and certification,An NC label beside an elective does not prove automatic assessment eligibility or certificate issuance,DepEd TechPro guides and TESDA qualification rules,Verify training completion assessment eligibility fees competency requirements and certificate issuance per qualification
PHL,philippine_schools_overseas,International,Philippine Schools Overseas curriculum and recognition,Overseas implementation may have separate recognition and operating rules,DepEd and Department of Foreign Affairs official issuances,Research PSO approval curriculum and credential procedures
PHL,international_curricula,Schools in the Philippines,International curriculum offerings and recognition,Private-school offerings cannot be generalized nationally,DepEd permit and recognition issuances,Research each officially recognized provider or program separately
PHL,foreign_student_process,National,Foreign-student placement recognition validation and equivalency,No current direct national procedure was verified in this pass,DepEd placement and records issuances,Research official placement accreditation validation and equivalency procedures
PAK,curriculum,Punjab,"Punjab curriculum/textbook authority, current SSC/HSSC schemes, and each relevant BISE","No Punjab curriculum, textbook, board-jurisdiction, scheme, session, or adoption claim was verified in this FBISE-only pass",Punjab School Education Department / Punjab Curriculum and Textbook Board / each Punjab BISE,Research the provincial authority first and then each BISE using its current direct schemes and notifications
PAK,curriculum,Sindh,"Sindh curriculum/textbook authority, current SSC/HSSC schemes, and each relevant BISE","No Sindh curriculum, language-medium, textbook, board-jurisdiction, scheme, session, or adoption claim was verified",Sindh School Education and Literacy Department / Sindh Textbook Board / each Sindh BISE,Research the provincial authority and each board separately including Sindhi/Urdu implementation
PAK,curriculum,Khyber Pakhtunkhwa,"Khyber Pakhtunkhwa curriculum/textbook authority and current board schemes","No KP curriculum, textbook, board-jurisdiction, scheme, session, or adoption claim was verified",KP Elementary and Secondary Education Department / KP Textbook Board / each KP BISE,Research the provincial authority and every relevant examining board separately
PAK,curriculum,Balochistan,"Balochistan curriculum/textbook authority and current board schemes","No Balochistan curriculum, textbook, board-jurisdiction, scheme, session, or adoption claim was verified",Balochistan School Education Department / Balochistan Textbook Board / BBISE Quetta,Research current provincial instruments and board schemes directly
PAK,governance,Islamabad Capital Territory,ICT and Federal Directorate of Education relationship to FBISE affiliation and implementation,"The FBISE Act identifies Board jurisdiction and the scheme notification copies FDE, but the administrative/curriculum division was not modeled",Federal Directorate of Education / MoFEPT / FBISE,Research current FDE authority instruments and institution-level FBISE affiliation scope
PAK,governance,Gilgit-Baltistan and Azad Jammu and Kashmir,Current authorities boards and relationship to FBISE,"The FBISE Act includes non-provincial territories and the Board has sub-offices, but current local authority and affiliation arrangements were not established",Official GB and AJK education departments / boards / FBISE,Research each territory separately using current laws affiliations and board instruments
PAK,governance,Cantonments and garrisons,Cantonment/garrison institution affiliation and curriculum/exam authority,"FBISE Act section 4 permits covered cantonment-board institutions seeking affiliation but does not prove every cantonment or garrison school is affiliated",Cantonment Board Education Directorate / FGEI / FBISE affiliation records,Verify institution categories and current affiliation rather than applying FBISE universally
PAK,curriculum,Exam board,Aga Khan University Examination Board SSC and HSSC schemes,"AKU-EB is a separate examination board and was outside this FBISE-only pass",Aga Khan University Examination Board,Research current direct AKU-EB regulations schemes syllabi and institutional scope
PAK,technical_education,Provincial boards,Provincial Boards of Technical Education and technical/vocational credentials,"Technical-board credentials and their curricula cannot be inferred from FBISE SSC/HSSC or Matric-Tech tables",Each provincial Board of Technical Education,Research each board credential scheme regulations assessment and verification process separately
PAK,technical_education,National and provincial,NAVTTC coordination versus provincial TEVTA delivery and credential authority,"National standards, provincial training delivery, awarding bodies, and technical-board examinations were not disaggregated",NAVTTC / provincial TEVTAs / technical boards,Map each authority and credential before creating any production row
PAK,religious_education,Madrasah boards/wafaqs,Current curricula credentials and official equivalence rules for each recognized board,"The inclusive scheme mentions limited equivalence conditions but is not sufficient evidence for a madrasah curriculum or a general equivalence record",Each madrasah board/wafaq / Directorate General of Religious Education / IBCC,Research each board curriculum and the controlling government or IBCC equivalence instrument separately
PAK,international_curriculum,Pakistan,Cambridge and other international curricula offered in Pakistan,"No direct awarding-body evidence was collected for programmes, school authorization, examination sessions, or equivalence",Cambridge International / other awarding bodies / IBCC for equivalence only,Separate curriculum and awarding-body facts from IBCC equivalence decisions
PAK,governance,Private schools,Private-school curriculum and examination-board choice by jurisdiction,"The FBISE affiliation provisions do not establish what every private school may or must choose",Provincial and ICT private-school regulators / examining boards,Research applicable regulator rules and school-board affiliation evidence by jurisdiction
PAK,curriculum,Language,Language-medium and regional-language implementation by jurisdiction,"The national scheme says regional languages apply where applicable and gives a Sindh example; this does not support one national language model",Provincial curriculum and textbook authorities / current schemes,Research compulsory optional and medium-of-instruction rules for each jurisdiction and level
PAK,program,Pakistan,Special inclusive non-formal accelerated and alternative education,"The 2024 inclusive scheme contains non-formal sections but implementation authority and learner coverage were not verified for a production programme row",MoFEPT / NCHD / provincial special and non-formal education authorities,Research current programmes eligibility implementers geographic scope and credentials separately
PAK,credentials,FBISE,Current SSC/HSSC certificate issuance and verification,"The retained rows model schemes of studies, not certificate issuance, digital verification, duplicate documents, or credential validity",FBISE regulations and official verification service,Research current certificate regulations and verification workflow without inferring equivalence
PAK,examinations,FBISE,Private-candidate eligibility registration subjects practicals and examination rules,"The scheme transition notice mentions reappearance and improvement but does not establish complete private-candidate rules",FBISE examination regulations and current admission notifications,Research current SSC and HSSC rules by part scheme session and candidate type
PAK,examinations,Pakistan boards,2026-2028 grading transition assessment frameworks and passing rules,"IBCC states a phased new grading policy from the 1st Annual Examination 2026; this cannot be safely embedded in a curriculum description and board-specific implementation details remain unmodeled",IBCC new grading policy / each board implementation notification,Research phase dates marks-versus-grades treatment pass thresholds and board/session scope
PAK,equivalence,IBCC,Foreign and domestic qualification equivalence including O/A Levels madrasah and technical credentials,"IBCC coordination/equivalence authority is distinct from curriculum authority and no equivalence was modeled",IBCC Act regulations and qualification-specific equivalence instruments,Research each exact qualification country subject and session rule in a dedicated review workflow
PAK,recognition,Incoming international students,Placement and recognition procedures for students entering Pakistan schools,"No direct current rule was verified for placement across boards curricula or grade levels",IBCC / relevant examining board / provincial or ICT education authority,Research credential review placement migration and board-specific registration procedures
BGD,curriculum,National,BOU open school secondary equivalency curriculum,Not directly accessed,bou.edu.bd,Access BOU secondary curriculum documents
BGD,curriculum,National,NCTB official curriculum PDFs for all grades,NCTB detailed documents not accessed,nctb.gov.bd,Access NCTB curriculum publications
UKR,curriculum,National,Complete NUS curriculum for Grades 5-9 and 10-12,NUS transition documents partially accessible,mon.gov.ua,Access complete NUS curriculum documents
UKR,curriculum,National,Conflict-related temporary education rules for displaced students,Not fully accessible,mon.gov.ua,Access MoES displaced student policy documents
RUS,curriculum,Federal,Detailed SPO trade-level curriculum catalogs,Trade catalogs not fully accessible,edu.gov.ru,Access SPO vocational curriculum documents
RUS,curriculum,Regional,Regional republic curriculum components,Regional variations not researched,edu.gov.ru,Access regional education authority documents
EGY,curriculum,National,Al-Azhar detailed secondary syllabus,Limited direct evidence in English,"moe.gov.eg, alazhar.edu.eg",Access Al-Azhar secondary curriculum documents
EGY,curriculum,National,"Technical secondary branch details (Industrial, Agricultural, Commercial)",Detailed curricula not accessed,moe.gov.eg,Access MoETE technical secondary curriculum
EGY,curriculum,National,Certificate of Egypt (Shehadet Masr) proposed reform,Proposed but not implemented,moe.gov.eg,Monitor implementation status
NGA,curriculum,National,Detailed NERDC curriculum subject lists for all levels,NERDC detailed downloads not accessed,nerdc-nigeria.org,Access NERDC curriculum documents
NGA,curriculum,National,WAEC syllabus documents for all subjects,Not individually accessed,waecnigeria.org,Access WAEC syllabus downloads
NGA,curriculum,National,NABTEB A-Level subject details,Advanced certificate specifics not cataloged,nabteb.gov.ng,Access NABTEB A-Level curriculum
NGA,curriculum,National,2025 curriculum reform implementation details,Announced but not fully published,education.gov.ng,Access 2025 reform implementation guides
SAU,curriculum,MOE private schools,Private schools using the MOE secondary pathways curriculum,"The current MOE page records rollout of the common first year to government and private schools in 1442-1443 but does not establish each private school's current pathway offerings or 1448-1449 plan",MOE private education regulations and current school approvals,Research current curriculum obligations and pathway authorization for private schools
SAU,international_curriculum,International schools,"British, American, IB, Indian, and other international curricula in Saudi schools","MOE examination guidance says foreign and international schools follow their own examination regulations; no current curriculum-by-school authorization dataset was verified",MOE Agency for Private and Foreign Education / direct awarding bodies,Research each curriculum authority and authorized-school scope separately
SAU,curriculum,International and private schools,Mandatory Saudi subjects in international/private schools,"No current direct instrument was verified for exact Arabic, Islamic Studies, Saudi history, or other mandatory-subject rules by school type and cohort",MOE private/foreign education regulations and current curriculum circulars,Locate the controlling Arabic decision and model each school type separately
SAU,curriculum,Qur'anic schools and institutes,Qur'anic-school pathway implementation and distinct curriculum rules,"The MOE pathways page mentions common-first-year rollout to Qur'anic schools but does not establish their current specialized pathway or certificate rules",MOE Qur'anic education regulations and current study plans,Research current plans cohorts and certificate scope
SAU,program,Adult special gifted and inclusive education,"Adult, continuing, special, gifted, and inclusive secondary provision","The current pathways page mentions night schools and adult women's schools only for initial common-year rollout; distinct current eligibility, accommodations, and completion rules were not verified",MOE program regulations / special education and continuing education authorities,Research each provision separately without generalizing the standard pathway row
SAU,curriculum,Regional and school delivery,Regional and school-level availability of the five secondary pathways,"MOE governs opening, closing, and introducing pathways under defined criteria; the national page does not prove every school offers every pathway",MOE pathway governance decisions / education-department and school authorization records,Build a current authorization inventory by region school and cohort
SAU,governance,Boys and girls provision,Gender-specific pathway availability or implementation differences,"The national pathway description does not establish whether every pathway is identically available across boys' and girls' schools",MOE current pathway-opening data and implementation circulars,Verify availability and rules without inferring difference or parity
SAU,curriculum,MOE secondary pathways,Exact course plans electives hours and assessment by pathway and cohort,"The retained row intentionally omits course-level detail; current 1448-1449 plan tables and cohort applicability were not directly verified",MOE Study Plans repository and pathway-specific Arabic plans,Research each pathway and cohort before adding course rows
SAU,graduation_framework,MOE secondary pathways,"Current completion, failed-course recovery, attendance, conduct, and certificate issuance rules","The deleted framework used Tawjihiyah and a unified-examination claim; accessible materials confirm a completion certificate exists but did not provide a complete current 1447/1448 graduation rule representable in the schema",MOE Student Evaluation Regulation / current examination procedures / Noor certificate rules,Locate the controlling current regulation and audit every framework field separately
SAU,assessment,ETEC/Qiyas,Qudurat and Tahsili relationship to university admission rather than school graduation,"ETEC currently administers General Aptitude and Achievement assessments, but no MOE graduation rule was found making either a secondary-completion examination",ETEC Qiyas service specifications / university admission regulations / MOE graduation rules,Model only after separating admission use from school completion
SAU,technical_education,TVTC,"TVTC institution, program, and qualification catalogs","The deleted row conflated the corporation with one universal upper-secondary program; TVTC currently advertises technical-college diplomas and secondary industrial/architecture/construction institute programs separately",TVTC current admissions catalog / training plans / qualification specifications,Create separate rows only for exact current qualifications with institution and availability scope
SAU,credentials,MOE and TVTC,Credential issuance document verification and replacement,"Current verification and reissue procedures were not comprehensively verified for MOE pathway certificates and distinct TVTC qualifications",MOE Natayiji/Noor regulations / TVTC certificate services,Research issuer credential title validation channel and replacement rules separately
SAU,recognition,Incoming international students,Placement and recognition for students entering Saudi schools with foreign records,"No current direct national placement and recognition instrument was retained",MOE admission and registration guide / certificate-equivalence regulations,Research grade placement documentation translation and school-type rules
SAU,recognition,Returning Saudi students,Recognition of foreign school credentials for returning Saudi students,"The available MOE materials reference foreign-record handling but do not provide a current complete 1447/1448 rule for production data",MOE General Education certificate-equivalence guide and current circulars,Verify authentication equivalence placement and certificate issuance procedures
SAU,curriculum,Transition cohorts,Legacy course-system tracks to the secondary pathways system,"The old 1439-1440 Natural Sciences/Humanities course-system page is historical and the pathways rollout began with the common first year in 1442-1443; exact residual legacy cohorts and current 1448-1449 transition exceptions were not identified",MOE archived rollout decisions / current cohort and study-plan circulars,Document supersession dates and any remaining legacy or re-examination cohorts
GBR,curriculum,Wales,Wales new curriculum (2022+) post-16 qualification framework,2022+ reform details unverified,qualificationswales.org,Access Wales post-16 framework
GBR,curriculum,Northern Ireland,CCEA detailed curriculum and qualification specifications,Limited direct access,ccea.org.uk,Access CCEA detailed curriculum documents
FRA,curriculum,National,Complete CAP specialism catalog (200+),Consolidated list not accessible in English,education.gouv.fr,Access complete CAP catalog
FRA,curriculum,National,BFI detailed curriculum,Limited detail accessed,education.gouv.fr,Access BFI curriculum documents
CAN,curriculum,12 provinces/territories,Individual provincial graduation requirements,Only Ontario detailed; others identified,Individual provincial ministry sites,Access each provincial graduation requirements page
CAN,curriculum,Quebec,Quebec MEQ detailed curriculum (French),French-language documents not accessed,education.gouv.qc.ca,Access Quebec curriculum documents
AUS,curriculum,6 states/territories,Individual state curriculum authority subject lists,Only NSW and VCE detailed,Individual state curriculum authority sites,Access each state subject list
AUS,curriculum,National,VET recognition registers per state,Partially incomplete,Individual state curriculum authority sites,Access VET recognition registers
AUS,curriculum,Northern Territory,NT specific curriculum documents,Less accessible,nt.gov.au/education,Access NT curriculum documents
ESP,curriculum,17 autonomous communities,Cross-regional equivalency tables,Not consolidated in single public source,educacionfpydeportes.gob.es,Access autonomous community curriculum documents
ITA,curriculum,National,Complete Istituti Professionali specializations catalog,Less centralized than licei/tecnici,mim.gov.it,Access complete professional institute catalog
ITA,curriculum,Regional,Regional IeFP pathway documents,Varies by region; not fully standardized,Regional education authority sites,Access regional IeFP documents
ITA,curriculum,National,Esabac/EsaBac Techno detailed binational curriculum,Limited detail accessed,mim.gov.it,Access binational program documents
USA,graduation_framework,Federal,National US graduation requirement (does not exist),Not applicable - US system is state-based,ESSA documentation,N/A - correctly modeled as state-based
CAN,graduation_framework,Federal,National Canadian graduation framework (does not exist),Not applicable - Canada is provincial/territorial,CMEC documentation,N/A - correctly modeled as provincial
DEU,graduation_framework,Federal,Federal graduation law (does not exist),Not applicable - Germany is Land-based,KMK documentation,N/A - correctly modeled as Land-based
AUS,graduation_framework,Federal,National senior secondary certificate (does not exist),Not applicable - Australia is state/territory-based,ACARA documentation,N/A - correctly modeled as state-based
ESP,graduation_framework,National,National graduation exam (does not exist for ESO/Bach),Not applicable - Spain uses continuous assessment + EBAU for university,MEFP documentation,N/A - correctly modeled
GBR,graduation_framework,UK-wide,UK-wide national curriculum (does not exist),Not applicable - UK is devolved,"DfE, SQA, Qualifications Wales, CCEA documentation",N/A - correctly modeled as 4 constituent systems
IND,curriculum,National,All India state boards aggregate placeholder,Not created per user instruction,N/A,N/A - correctly avoided placeholder
USA,curriculum,Georgia,GaDOE official State-Funded List of K-8 Subjects and 9-12 Courses,Direct URL returned 404 during initial research; later found via GaDOE site navigation,gadoe.org,Re-access GaDOE course list - RESOLVED: GaDOE Rule 160-4-2-.48 PDF located and used
USA,graduation_framework,Georgia,Georgia State Board Rule 160-4-2-.48 direct PDF,Direct URL returned 404 during initial research; found via GaDOE site navigation,gadoe.org,Locate current GaDOE graduation requirements PDF - RESOLVED: Direct PDF found and used as primary source
USA,graduation_framework,Georgia,Georgia Alternate Diploma and Special Education Diploma requirements,Limited detail in accessed sources,gadoe.org,Access Georgia special education graduation requirements
IND,curriculum,National,IB India curriculum and diploma programme,International Baccalaureate is offered in India but is not a national board; requires direct IB India authority source for curriculum details and grade structure,ibo.org,Access IB India official curriculum and school directory for India scope and grade range
IND,curriculum,Various states,Matriculation system (state-level),"Matriculation refers to multiple non-unified state-level and private boards across India; no single national authority. Tamil Nadu Matriculation Board no longer exists as a separate entity (now DGE/SSLC). Other states have their own matriculation examinations.",Various state board websites,Identify and access each state's current matriculation or secondary examination board syllabus and authority documentation
CAN,graduation_requirements,Ontario,Detailed Ontario OSSD compulsory credit breakdown by group and subject,Cohort complexity (18+12 vs 17+13 credits) and group credit requirements cannot be safely represented in current schema without risk of misleading combinations,Ontario Schools K-12 Policy and Program Requirements 2024,Add structured requirement rows with cohort tags and group credit logic
CAN,graduation_requirements,Ontario,Ontario OSSD optional credit requirements,Optional credits vary by cohort and are not a fixed category list,Ontario Schools K-12 Policy and Program Requirements 2024,Research optional credit categorization if schema supports elective groupings
CAN,graduation_framework,Quebec,Quebec secondary credentials and CEGEP transition,Quebec secondary system ends at grade 11 followed by CEGEP; detailed graduation framework not researched,Ministère de l'Éducation du Québec,Access Quebec secondary diploma and CEGEP transition documents
CAN,curriculum,12 provinces/territories,Individual provincial/territorial curricula and graduation frameworks,Only Ontario detailed; other 12 jurisdictions remain at placeholder level,CMEC provincial directory,Research each provincial/territorial ministry curriculum and graduation requirements
CAN,program,Ontario,Ontario Specialist High Skills Major (SHSM) and dual credit programs,SHSM and dual credit are mentioned in Ontario policy but not modeled as standalone programs,"Ontario Schools K-12 Policy, Section 8",Add education_program rows if direct program scope and availability can be sourced
CAN,program,Canada,IB and AP programs in Canadian schools,International programs are offered but not governed by provincial authorities; requires direct program authority sources,"ibo.org, College Board",Access IB Canada and College Board Canada availability data
CAN,program,Canada,Indigenous-controlled and local education systems,Authority and curriculum scope vary by First Nation and federal agreements,"Indigenous Services Canada, CMEC",Research Indigenous education agreements and curriculum scope
CAN,program,Ontario,Mature student and adult secondary credentials,PLAR and mature student provisions exist but are not detailed in current framework,"Ontario Schools K-12 Policy, Section 7.2.4",Research adult secondary credential requirements and availability
AUS,program,South Australia,SACE VET Recognition Register,"Modeled as education_program but is actually a reference register of VET qualifications recognized for SACE credits, not a standalone program",SACE Board of South Australia,Restructure as a data source or reference record rather than an education program; or create proper SACE framework with VET integration details
AUS,graduation_requirements,NSW,HSC detailed pattern-of-study requirements by unit and subject category,Schema cannot safely represent Preliminary 12 units + HSC 10 units with Board Developed/Endorsed distinctions and cohort accumulation rules,NESA ACE Manual,Add structured requirement rows with unit-based categories and accumulation rules
AUS,graduation_requirements,Victoria,VCE detailed unit completion requirements by study category,"Schema cannot safely represent 16-unit minimum, English group 3-unit requirement, 3 other Unit 3-4 sequences, and VCE VM distinct requirements",VCAA VCE Administrative Handbook,Add structured requirement rows with unit-level categories and VCE/VM differentiation
AUS,graduation_framework,ACT,ACT Senior Secondary Certificate,No direct ACT education authority curriculum/framework source accessed,ACT Education Directorate,Access ACT senior secondary certificate requirements and curriculum documents
AUS,graduation_framework,Queensland,Queensland Certificate of Education (QCE),No direct Queensland curriculum authority framework source accessed,Queensland Curriculum and Assessment Authority,Access QCE requirements and curriculum documents
AUS,graduation_framework,South Australia,South Australian Certificate of Education (SACE) full framework,SACE Board homepage accessed but detailed framework not modeled; only register row was deleted,SACE Board of South Australia,"Access SACE complete requirements (200 credits, compulsory elements, Stage 1/Stage 2) and model as framework"
AUS,graduation_framework,Tasmania,Tasmanian Certificate of Education (TCE),No direct Tasmanian curriculum authority framework source accessed,"Tasmanian Department for Education, Children and Young People",Access TCE requirements and curriculum documents
AUS,graduation_framework,Western Australia,Western Australian Certificate of Education (WACE),No direct Western Australian curriculum authority framework source accessed,School Curriculum and Standards Authority (SCSA),Access WACE requirements and curriculum documents
AUS,program,Australia,IB Diploma Programme in Australian schools,International program offered but not governed by state authorities; requires direct IB authority source,ibo.org,Access IB Australia official curriculum and school directory for Australian scope
AUS,program,Australia,ATAR authorities and rules by jurisdiction,"ATAR is a tertiary admission rank, not a credential or graduation requirement; UAC (NSW), VTAC (VIC), and other state TACs have distinct rules","UAC, VTAC, SATAC, TISC, QTAC",Access each ATAR authority for exact scope and calculation rules per jurisdiction
GBR,curriculum,Wales,Curriculum for Wales and post-16 qualification reforms/effective cohorts,No direct detailed Welsh curriculum source accessed for 2022+ reforms,Welsh Government / Qualifications Wales,Access Curriculum for Wales documents and post-16 qualification reform details
GBR,qualifications,Wales,"Qualifications Wales, WJEC, and awarding-body role distinctions","Regulator, awarding body, and government roles in Wales not directly sourced",qualificationswales.org,Access Qualifications Wales regulatory scope and WJEC awarding body documentation
GBR,curriculum,Wales,Welsh-medium qualification pathways,Welsh language-medium education and qualification pathways not directly sourced,Welsh Government / WJEC,Access Welsh-medium curriculum and qualification specifications
GBR,curriculum,Wales,"GCSE, AS and A level reforms in Wales",Wales-specific GCSE and A level reforms not directly sourced,Qualifications Wales,Access Wales GCSE and A level reform documents and timelines
GBR,curriculum,Northern Ireland,Northern Ireland Curriculum at Key Stages 3-4,No direct detailed Northern Ireland curriculum source accessed,Department of Education Northern Ireland / CCEA,Access Northern Ireland Curriculum documents and specifications
GBR,qualifications,Northern Ireland,"CCEA GCSE, AS/A level, Essential Skills, and vocational qualifications",CCEA qualification specifications not directly sourced,ccea.org.uk,Access CCEA detailed qualification specifications and regulatory scope
GBR,qualifications,Northern Ireland,Northern Ireland awarding-body/regulatory distinctions,CCEA role versus other awarding bodies in Northern Ireland not directly sourced,Department of Education Northern Ireland,Access DE guidance on awarding body and regulator roles in NI
GBR,qualifications,Northern Ireland,Current transition dates and legacy qualifications,Northern Ireland curriculum and qualification transition arrangements not directly sourced,Department of Education Northern Ireland,Access TransformED NI delivery plan and timeline documents
GBR,program,England,T levels in England,"T Level technical qualifications not modeled as they are post-16 regulated qualifications, not a separate government programme",Department for Education / Institute for Apprenticeships and Technical Education,Access T Level programme specifications and scope if modeling as education_program is appropriate
GBR,program,England,Apprenticeships and vocational technical qualifications,Apprenticeships and wide range of vocational technical qualifications not modeled,DfE / IfATE,Access apprenticeship and vocational technical qualification frameworks for potential modeling
GBR,qualifications,UK,International GCSEs and international A levels,International qualifications are not equivalent to domestic school scope; require direct awarding-body sources,Pearson / Cambridge Assessment,Access direct awarding body sources for international qualification scope
GBR,program,UK,IB programmes in UK schools,International Baccalaureate offered in UK schools but requires direct IB authority source for UK scope,ibo.org,Access IB UK official curriculum and school directory for UK scope
GBR,qualifications,England,Cambridge Technicals and other awarding-organisation-specific qualifications,"Awarding-organisation-specific qualifications (OCR Cambridge Technicals, etc.) not modeled",OCR / Pearson / AQA,Access individual awarding body qualification catalogs for England
GBR,program,Scotland,"Scotland Foundation Apprenticeships, National Progression Awards, Skills for Work, Scottish Baccalaureates",Alternative Scottish qualifications and programmes not modeled,Skills Development Scotland / Qualifications Scotland,"Access direct sources for Foundation Apprenticeships, NPAs, and Scottish Baccalaureates"
GBR,qualifications,UK,"Alternative provision, adult qualifications, and home-country-specific school-leaving measures",Alternative provision and adult qualification pathways not modeled,Various UK authorities,Research alternative provision and adult qualification frameworks for each constituent country
GBR,qualifications,UK,University admissions measures that are not school credentials,"UCAS, personal statements, admissions tests are university admissions measures, not school-leaving credentials",UCAS,Distinguish school credentials from university admissions measures
GBR,qualifications,England,Exact course/specification catalogs by awarding organisation,Detailed subject-level specifications require direct awarding-body sources,AQA / OCR / Pearson / WJEC Eduqas,Access individual awarding body subject specifications for GCSE and A level
GBR,graduation_framework,England,England Key Stage 4 and 5 Qualifications framework deleted,Schema cannot faithfully represent England's subject-qualification model; no unified graduation credential exists,Ofqual / DfE,"Schema limitation: England has separate GCSE and A level qualifications, not a combined credential"
GBR,graduation_framework,Scotland,Scotland National Qualifications framework deleted,"Schema cannot faithfully represent Scotland's separate qualifications model; National 4/5, Higher, Advanced Higher are distinct qualifications",Qualifications Scotland,"Schema limitation: Scotland has separate National Qualifications at different SCQF levels, not one credential"
GBR,program,England,BTEC / Vocational Awards program deleted,"BTEC is a Pearson qualification brand, not a generic UK government programme; cannot be modeled as a single education_program",Pearson,Access Pearson BTEC direct sources if separate vocational program modeling is appropriate
DEU,curriculum,Country-level,KMK Framework - General Secondary downgraded to needs_research,Schema cannot faithfully represent KMK coordination agreements as a national curriculum; KMK resolutions are recommendations until enacted by individual Land parliaments,https://www.kmk.org/fileadmin/Dateien/pdf/Eurydice/EN/dossier_en_ebook.pdf,KMK/Eurydice dossier confirms Länder have primary legislative responsibility and KMK resolutions are recommendations
DEU,graduation_framework,Country-level,KMK Upper Secondary Framework downgraded to needs_research,Schema cannot faithfully represent KMK coordination agreements as a destination graduation framework; Abitur is awarded by individual Länder with no federal graduation law,https://www.kmk.org/fileadmin/Dateien/pdf/Eurydice/EN/dossier_en_ebook.pdf,KMK/Eurydice dossier confirms Abitur is administered at Land level with KMK coordination only
DEU,curriculum,All 16 Länder,Land-specific school types and organizational variants,"School types (Gymnasium, Realschule, Hauptschule, Gesamtschule, Gemeinschaftsschule, etc.) and their availability vary by Land; no universal structure exists",KMK agreements,Access individual Land ministry school-type documentation
DEU,curriculum,All 16 Länder,G8/G9 status and transition cohorts by Land,Gymnasium duration varies between 8 and 9 years depending on Land and transition cohort; no national uniform path,KMK agreements,Access each Land ministry documentation for G8/G9 transition
DEU,graduation_framework,All 16 Länder,Land-specific leaving credentials and their names,"Hauptschulabschluss, Mittlerer Schulabschluss, Fachhochschulreife, fachgebundene Hochschulreife, Allgemeine Hochschulreife have Land-specific names and requirements",KMK agreements,Access each Land ministry credential documentation
DEU,curriculum,All 16 Länder,Land-level central examination rules and subjects,Land ministries set examination rules and subjects; no national examination system,KMK agreements,Access each Land ministry examination regulations
DEU,program,Country,Dual vocational education (Berufsschule) pathways,Federal vocational training regulations and Land vocational school curricula create a complex dual system not representable as a single program,BIBB / KMK,Access BIBB and individual Land vocational school documentation
DEU,program,Country,International Baccalaureate and international school pathways,International schools in Germany offer IB and other curricula but scope and availability are school-specific,ibo.org,Access IB Germany school directory and authorization documents
ARE,curriculum,Abu Dhabi,ADEK private-school curriculum licensing and mandatory-subject rules,ADEK regulates private schools but exact curriculum authorization scope and mandatory-subject requirements by school type were not directly sourced; ADEK curriculum row deleted,adek.gov.ae,Access ADEK private-school policy and curriculum-authorization documents
ARE,curriculum,Dubai,KHDA private-school curriculum regulation and mandatory-subject requirements,Exact KHDA curriculum rules, inspection frameworks, and mandatory-subject scope by school type not directly sourced,khda.gov.ae,Access KHDA private-school regulation and inspection framework documents
ARE,curriculum,Sharjah,SPEA and other emirate regulator private-school rules,Sharjah and remaining emirate regulator curriculum and inspection rules not accessed,spea.shj.ae / individual emirate education authorities,Access SPEA and each emirate regulator documents
ARE,curriculum,Federal,MOE public-school Cycle 3 curriculum and stream details,MOE streams update confirms general/advanced streams for Cycle 3 but exact grade range, subject tables, and stream requirements need direct curriculum documents,moe.gov.ae,Access MOE Emirati School curriculum documents and subject tables
ARE,examinations,Federal,EmSAT and other assessments relationship to graduation and university admission,EmSAT and other standardized assessments are used for university admission but their exact relationship to school-leaving certificates and graduation is not directly established in retained sources,moe.gov.ae / higher education councils,Clarify assessment boundaries and certificate rules
ARE,credentials,Federal,Grade 12 school-leaving certificate name and equivalency rules,Current exact certificate name for MOE-curriculum students and equivalency requirements for higher education not directly sourced,moe.gov.ae / Ministry of Higher Education,Access certificate and equivalency regulations
ARE,curriculum,All emirates,International curricula (British, American, IB, Indian, etc.) in UAE schools,Scope, authorization, and mandatory-national-subject rules for international curricula vary by emirate and were not directly sourced,adek.gov.ae / khda.gov.ae / individual regulators,Research each emirate regulator documents for international-curriculum rules
ARE,curriculum,All emirates,Mandatory Arabic, Islamic Education, UAE Social Studies, and Moral Education by grade and school type,Mandatory national subject scope, exemptions, and grade levels vary by school type, curriculum, nationality, and emirate; not safely modeled as uniform,moe.gov.ae / adek.gov.ae / khda.gov.ae,Access current mandatory-subject rules by school type and emirate
ARE,programs,All emirates,Adult, evening, home, and continuing education pathways,Alternative education pathways exist but were not directly sourced,moe.gov.ae,Access MOE continuing-education and equivalency rules
ARE,programs,All emirates,Special and inclusive education (students of determination),Inclusive education policies exist at MOE level but detailed pathway rules were not directly sourced,moe.gov.ae,Access MOE inclusive-education policy documents
ARE,recognition,Federal,Incoming international student placement and credential recognition,Rules for placing and recognizing foreign-school credentials for students entering UAE schools not directly sourced,moe.gov.ae / emirate regulators,Access placement and recognition regulations
